source,target
0,5
0,8
0,19
0,21
0,40
1,25
1,30
1,31
1,34
1,43
2,3
2,11
2,15
2,24
2,26
2,32
3,4
3,5
3,8
3,11
3,18
3,19
3,39
3,43
4,7
4,9
4,14
4,15
4,25
4,27
4,29
4,32
4,37
5,18
5,24
5,25
5,36
6,15
6,21
6,23
6,28
6,34
6,36
6,43
7,18
7,20
7,24
7,32
7,36
7,41
8,20
8,28
8,32
8,39
9,19
9,36
9,38
9,39
10,27
10,28
10,38
11,16
11,25
11,32
11,34
11,36
11,38
11,41
12,23
12,24
12,27
12,29
13,20
13,27
13,34
14,16
14,19
14,21
14,29
14,34
15,16
15,17
15,36
16,17
16,21
16,29
16,31
16,42
17,20
17,26
18,26
18,33
18,34
18,36
18,41
19,22
19,23
19,26
19,38
20,36
20,39
20,42
21,23
21,32
22,23
22,41
23,27
23,28
23,37
23,41
24,41
24,42
25,26
26,42
27,30
27,31
27,34
27,36
27,38
27,39
29,40
30,36
30,39
30,40
31,38
31,43
32,35
34,38
36,43
37,41
39,42
41,42
44,52
44,55
44,57
44,58
44,61
44,63
45,46
45,56
45,61
45,63
45,65
46,47
46,51
46,54
46,57
46,64
47,49
47,50
47,51
47,54
47,55
47,62
47,69
48,56
48,66
48,70
49,53
49,54
49,59
49,67
49,70
49,72
50,52
50,69
50,73
51,54
51,55
51,57
51,60
51,61
51,62
52,63
52,70
53,54
53,58
53,61
53,62
53,73
54,59
54,66
54,67
55,60
55,65
55,66
55,73
56,71
56,73
57,58
57,59
57,68
57,69
58,59
58,63
58,66
58,67
58,68
59,72
60,70
60,71
60,73
61,62
61,64
61,65
61,66
63,65
63,69
63,71
64,67
64,69
64,72
64,73
65,66
65,67
65,69
66,69
66,71
67,70
69,72
71,72
72,73
74,75
74,90
74,91
74,95
74,100
75,104
75,113
75,115
76,84
76,86
76,88
76,96
76,101
77,80
77,87
77,94
77,97
77,113
77,115
78,83
78,102
78,106
78,115
78,116
78,118
79,87
79,93
79,106
79,108
79,111
79,117
79,122
80,95
80,97
80,111
80,114
80,121
81,99
81,109
82,93
82,96
82,99
83,90
83,91
83,93
83,103
84,85
84,89
84,90
84,94
84,98
84,101
84,108
84,112
85,87
85,90
85,92
85,98
85,101
85,103
85,104
85,106
85,110
85,116
85,118
86,95
86,102
87,98
87,102
87,113
87,122
88,89
89,91
89,92
89,100
89,114
89,122
90,101
90,107
90,118
91,101
91,112
91,115
91,122
92,102
92,107
92,116
92,118
93,101
93,102
93,105
93,110
93,121
93,122
94,99
94,114
95,104
95,112
95,119
95,122
96,101
96,107
96,108
96,114
96,121
97,98
97,117
98,100
98,102
98,110
98,113
99,106
100,103
100,120
100,122
101,102
101,104
101,109
102,113
103,109
103,111
103,112
103,113
103,119
103,121
104,116
105,107
105,109
105,118
105,120
105,121
105,122
106,109
106,114
108,116
109,117
109,120
110,114
110,122
111,114
112,116
112,119
114,115
114,116
114,122
116,117
120,122
123,132
123,145
123,154
123,158
123,163
123,167
123,171
124,144
124,145
124,167
125,127
125,131
125,136
125,141
125,150
125,151
125,163
125,167
126,130
126,151
126,153
126,169
127,130
127,136
127,140
127,141
127,143
127,151
127,156
127,167
128,134
128,135
128,138
128,146
128,148
128,163
128,165
129,146
129,157
130,137
130,145
130,148
130,168
131,132
131,140
131,147
131,161
131,162
131,167
132,134
132,136
132,137
132,143
132,147
132,156
132,157
132,170
133,137
133,141
133,146
133,158
133,168
134,138
134,141
134,145
134,155
134,166
135,139
135,148
135,164
135,166
135,169
135,171
136,147
137,141
137,156
137,158
138,147
138,153
138,160
138,164
138,168
139,144
139,145
139,150
139,155
139,158
139,160
139,162
140,145
140,159
140,170
141,147
141,153
141,154
141,160
141,165
141,168
142,150
142,169
143,148
143,160
143,162
143,168
144,152
144,158
144,166
145,146
145,151
145,170
146,148
146,163
147,162
147,165
149,163
150,158
150,161
150,162
150,164
150,167
151,157
151,165
151,167
152,161
152,162
152,167
153,159
153,160
153,162
153,168
154,166
155,160
155,164
155,165
155,169
155,171
156,164
156,170
157,161
160,166
161,167
162,169
163,165
164,170
165,171
167,170
169,170
172,184
173,183
173,191
173,194
173,198
173,199
174,178
174,179
174,182
174,183
174,189
174,201
174,205
174,206
175,178
175,180
175,194
175,198
175,207
176,184
176,194
176,195
176,202
176,205
176,207
177,178
177,189
177,190
177,194
177,200
177,206
178,183
178,184
178,188
178,189
178,192
178,195
178,199
179,183
179,188
179,205
180,184
180,191
180,196
180,198
180,204
180,206
181,184
181,188
181,201
181,207
182,186
182,197
182,199
182,202
182,206
183,184
183,185
183,192
183,201
183,205
183,206
184,200
184,203
185,195
185,197
185,201
185,204
185,206
186,194
186,198
187,193
187,195
187,198
187,200
187,201
188,191
188,200
188,201
189,190
189,200
189,203
189,205
191,202
191,206
192,205
192,207
193,204
194,197
194,199
194,201
194,204
195,204
195,207
196,207
197,199
197,205
197,206
198,199
198,202
198,206
198,207
199,205
201,202
201,204
202,206
204,206
205,207
208,216
208,219
208,221
208,223
209,218
209,219
209,223
210,214
210,216
210,217
210,219
210,221
210,223
211,212
211,214
211,217
211,218
211,219
211,220
211,222
211,226
212,213
212,214
212,215
212,216
212,219
212,221
212,222
212,223
212,224
213,217
213,218
213,220
214,218
214,219
214,220
214,221
214,222
214,223
214,224
214,226
215,219
216,217
216,219
217,218
217,220
218,221
218,223
218,226
219,220
219,222
219,225
220,224
222,224
223,224
224,225
225,226
227,228
227,232
227,235
227,238
227,239
228,229
228,230
228,234
228,238
229,230
229,231
229,234
229,238
229,239
230,231
230,232
230,234
230,235
230,237
230,238
231,232
231,235
231,236
231,239
232,233
232,234
232,235
232,237
232,240
233,234
233,236
233,238
234,235
234,237
235,236
235,237
235,240
236,238
236,239
237,239
238,239
238,240
241,242
241,244
241,246
241,248
241,260
241,261
241,265
241,266
242,243
242,248
242,251
242,252
242,256
242,263
242,264
243,244
243,248
243,251
243,255
243,257
243,264
244,246
244,253
244,258
244,264
245,248
245,251
245,263
246,249
246,252
246,256
246,259
246,261
247,252
247,256
247,264
248,252
248,253
248,256
248,263
248,264
248,265
249,252
249,253
249,254
250,251
250,252
250,257
251,259
252,254
252,260
252,261
252,266
253,255
253,264
254,255
254,260
254,265
255,262
255,266
256,263
257,259
257,264
257,266
258,261
258,262
258,266
259,261
259,262
259,266
260,266
261,265
262,263
262,264
263,265
263,266
264,266
265,266
267,268
267,274
267,276
267,279
267,283
268,269
268,274
268,276
268,278
268,280
268,282
268,283
269,273
269,276
269,277
269,278
269,282
270,276
270,278
270,280
270,286
270,288
271,272
271,275
271,285
271,289
272,281
272,290
273,276
273,277
273,282
273,286
273,289
274,275
274,278
274,279
274,280
274,287
275,286
275,287
275,289
275,290
276,279
276,280
276,281
276,285
276,287
276,290
277,279
277,283
278,279
278,280
278,283
278,284
278,285
278,287
278,290
279,283
279,288
279,289
280,281
280,282
280,284
280,289
281,283
281,288
282,290
283,285
285,290
286,289
287,290
289,290
291,292
291,297
291,298
291,307
292,293
292,302
292,303
292,309
292,311
292,313
293,297
293,299
293,305
293,306
293,307
293,309
293,311
293,312
294,295
294,299
294,300
294,302
294,307
294,308
294,309
294,310
295,298
295,299
295,305
295,306
295,313
296,297
296,300
296,303
296,307
296,309
297,299
297,303
297,305
299,302
299,303
299,304
299,305
299,306
299,308
300,304
300,305
300,307
300,311
300,312
301,303
301,312
303,306
303,310
304,306
304,307
304,308
305,306
306,307
306,311
307,308
307,310
307,312
307,313
308,311
309,312
311,312
311,313
312,313
314,315
314,316
314,319
314,320
314,323
314,324
314,332
314,337
314,338
315,320
315,325
316,319
316,330
316,331
316,337
316,341
317,320
317,322
317,324
317,330
317,333
318,320
318,324
318,331
318,334
318,335
318,341
319,323
319,332
319,341
320,321
320,328
320,330
320,334
320,338
320,340
321,326
321,335
321,340
322,323
322,338
322,340
322,341
323,324
323,327
323,328
323,329
323,332
323,335
324,329
324,330
324,332
324,335
325,327
325,331
325,332
325,335
325,336
326,337
328,329
328,333
328,338
329,331
329,335
329,336
329,338
329,341
330,331
330,334
330,335
331,333
331,334
331,337
331,340
332,339
332,341
333,340
334,339
335,337
335,338
336,339
336,340
336,341
337,340
342,344
342,353
342,355
342,357
342,359
342,360
342,367
342,374
343,357
343,364
343,374
344,348
344,349
344,358
344,363
344,366
344,367
344,370
344,373
344,381
345,363
345,364
345,370
345,372
345,380
346,347
346,352
346,357
347,354
347,356
347,359
347,361
347,362
347,369
347,378
347,383
348,352
348,354
348,356
348,362
348,380
349,361
349,362
350,364
350,378
351,352
351,355
351,358
351,369
351,372
351,379
352,358
352,369
352,372
352,376
352,383
353,370
353,373
353,378
354,357
355,361
355,364
355,369
355,371
355,374
356,357
356,358
356,376
356,378
356,383
357,364
357,368
357,376
357,377
358,364
358,368
358,373
358,374
358,375
359,363
359,364
359,368
359,372
360,379
361,364
361,369
361,376
361,383
362,369
362,375
362,377
362,382
363,374
363,379
363,382
364,366
364,370
364,373
364,379
365,368
365,371
366,371
366,373
366,377
366,379
368,369
368,381
369,371
369,378
370,376
370,378
370,382
371,372
371,374
371,375
371,376
372,379
372,380
373,383
374,383
376,381
377,379
377,380
378,379
378,380
379,382
384,387
384,388
384,401
384,402
385,393
385,397
385,409
385,410
385,415
385,421
386,387
386,410
386,421
387,388
387,391
387,393
387,398
387,415
388,390
388,402
388,416
388,422
388,423
388,426
389,396
389,406
389,415
389,425
389,426
390,392
390,395
390,404
390,417
390,428
391,397
391,400
391,404
391,407
391,411
391,420
391,426
391,429
392,394
392,395
392,406
392,424
392,428
393,399
393,406
393,421
393,426
394,398
394,400
394,403
394,421
395,396
395,398
395,400
395,409
395,411
395,416
396,407
396,408
396,411
396,413
396,418
396,427
397,402
397,423
397,426
398,400
398,409
398,410
398,414
398,426
398,430
399,401
399,402
399,404
399,410
399,411
399,415
399,418
399,425
400,404
400,413
400,416
400,425
401,407
401,409
401,411
401,415
401,416
401,428
402,403
402,404
402,411
402,413
402,417
402,426
403,418
403,423
404,414
404,423
404,427
405,410
405,412
405,417
405,424
406,423
407,409
407,418
407,429
408,425
409,417
409,418
409,423
410,414
410,424
410,427
410,429
411,413
411,430
412,414
412,418
412,422
412,429
414,427
415,416
416,420
418,420
419,420
419,421
419,422
420,425
421,425
423,429
424,428
426,429
427,429
428,430
431,432
431,435
431,446
431,451
431,457
431,463
431,468
432,435
432,436
432,458
432,465
433,446
433,455
433,457
433,458
433,465
433,467
434,435
434,440
434,441
434,463
434,466
435,439
435,451
435,457
435,467
436,447
436,463
436,464
437,450
437,454
437,455
437,458
437,459
437,460
437,463
437,466
437,470
438,454
438,459
438,466
438,469
439,449
439,455
439,457
439,464
439,469
440,444
440,448
440,454
440,466
441,444
441,445
441,449
441,453
441,464
441,465
442,464
442,469
442,470
443,445
443,456
443,461
443,465
444,451
444,456
444,466
444,469
445,446
445,456
445,458
445,464
445,470
446,451
446,464
447,455
447,456
447,458
447,467
447,469
447,470
448,451
448,456
448,465
448,468
448,470
449,456
449,464
449,468
450,456
450,465
450,467
451,452
451,457
451,461
451,466
452,456
452,465
452,470
453,455
454,456
454,457
454,458
455,467
456,470
457,460
458,461
459,463
459,470
460,463
460,465
460,466
460,470
462,465
463,464
464,470
465,468
466,470
467,470
468,469
471,473
471,474
471,475
471,476
471,478
471,480
472,475
472,476
472,477
472,478
472,480
473,474
473,476
473,477
473,479
473,480
474,475
474,476
474,477
474,478
474,480
475,476
475,479
476,478
476,479
476,480
477,478
477,480
478,479
478,480
481,482
481,488
481,489
481,491
481,496
481,498
481,500
481,501
481,508
482,483
482,491
482,494
482,504
482,508
483,484
483,487
483,488
483,489
483,491
483,496
484,486
484,489
484,492
484,493
484,504
484,508
485,486
485,488
485,489
485,490
485,494
485,497
485,500
485,502
485,505
486,488
486,489
486,493
486,497
486,500
486,502
486,508
487,488
487,502
487,505
487,507
488,496
488,497
488,498
488,502
488,506
489,490
490,492
490,498
491,496
491,502
491,508
492,493
492,494
492,497
493,496
493,501
493,507
493,508
494,502
494,506
494,507
495,497
495,501
495,503
495,506
495,508
496,500
496,508
497,508
499,500
499,501
500,504
501,505
501,506
502,507
502,508
503,505
503,507
509,510
509,511
509,512
509,514
509,518
509,520
509,522
509,524
510,513
510,517
510,521
510,522
510,523
511,514
511,515
511,518
511,520
512,515
512,517
512,518
512,521
512,524
512,525
513,514
513,521
513,523
514,515
514,519
514,521
515,516
515,518
515,521
515,522
515,523
516,519
516,521
517,522
517,523
517,524
518,522
518,523
518,525
519,520
519,522
520,521
520,522
520,523
521,523
521,525
523,524
523,525
526,528
526,536
526,548
526,552
526,555
526,558
526,570
527,540
527,542
527,544
527,548
527,552
527,562
527,568
528,549
528,555
528,558
529,539
529,540
529,543
529,547
529,550
529,552
529,554
529,558
529,566
529,568
529,569
530,534
530,551
530,562
531,543
531,563
531,572
532,546
532,557
532,565
533,557
533,560
533,563
533,567
533,569
533,570
534,558
534,559
534,570
535,538
535,539
535,556
535,568
536,543
536,545
536,564
536,570
537,540
537,548
537,553
537,555
537,556
537,560
537,570
537,571
538,540
538,547
538,548
538,560
539,543
540,552
540,555
540,557
540,562
541,545
541,551
541,553
541,555
541,563
541,564
542,553
542,556
542,559
542,561
542,565
542,572
543,550
543,553
543,556
543,564
543,566
544,548
544,552
544,553
544,562
544,568
546,554
546,571
547,558
547,566
547,570
548,555
548,557
548,571
549,552
549,565
550,553
550,554
550,555
550,558
551,553
551,554
551,557
551,561
551,563
551,565
551,571
551,572
553,555
553,563
553,569
555,560
555,565
555,567
556,561
556,567
558,561
558,563
558,564
558,565
558,566
558,572
559,564
559,567
560,562
561,565
562,566
562,572
563,565
564,569
564,570
565,568
566,567
567,570
573,586
573,616
573,618
574,576
574,582
574,584
574,607
574,619
575,576
575,608
575,614
576,579
576,589
576,590
576,592
576,595
576,597
576,606
576,615
576,616
576,617
577,582
577,585
577,586
578,581
578,590
578,593
578,608
578,613
578,615
579,592
579,594
579,595
579,603
579,605
579,617
580,581
580,582
580,591
580,593
580,594
580,611
580,616
581,586
581,591
581,595
582,585
582,590
582,593
582,599
582,603
582,605
582,614
583,588
583,594
583,597
583,605
583,610
583,618
584,585
584,587
584,609
585,595
585,604
585,608
585,614
585,616
586,597
586,603
586,609
587,594
587,605
587,614
588,599
588,600
588,618
589,595
589,596
589,598
590,595
590,608
592,594
592,598
592,608
592,609
592,615
593,598
593,609
593,616
593,617
594,601
594,610
595,601
595,603
595,606
595,609
595,619
596,615
597,603
597,609
597,610
597,616
597,619
597,620
598,603
598,604
599,601
599,605
599,614
599,616
599,620
600,609
600,613
600,615
600,617
600,620
601,604
601,611
601,612
602,608
602,609
602,620
603,605
603,612
603,614
604,609
604,611
604,614
605,608
606,609
606,610
606,613
607,612
607,617
607,618
609,617
610,619
611,612
611,620
613,616
613,618
615,619
615,620
616,617
621,623
621,629
621,630
621,631
621,633
621,646
622,626
622,628
622,634
622,639
622,642
622,648
622,649
623,626
623,627
623,631
623,655
624,629
624,633
624,641
624,646
625,633
625,638
625,639
625,641
625,647
625,648
625,655
626,633
626,634
626,641
626,647
627,629
627,631
627,649
627,652
627,653
628,629
628,633
628,640
628,641
628,644
628,655
629,635
629,640
630,631
630,632
630,636
630,639
630,640
630,647
630,648
630,649
630,652
631,634
631,643
631,650
631,651
632,641
632,649
633,639
633,650
633,651
634,639
634,644
634,653
634,654
635,642
635,643
636,650
636,653
637,640
638,639
638,642
638,645
638,649
638,650
639,645
639,648
640,643
640,646
640,647
640,649
640,651
640,652
641,650
641,653
642,653
642,654
643,644
643,650
643,652
643,653
644,655
645,649
645,653
646,647
646,648
646,653
648,654
648,655
649,651
649,654
650,653
654,655
656,657
656,658
656,659
656,661
656,663
656,668
656,670
656,673
656,675
657,660
657,662
657,671
657,672
657,673
658,665
658,669
658,672
658,674
658,675
659,660
659,663
659,666
659,672
660,661
660,668
660,671
660,672
660,674
661,666
661,667
661,671
662,663
662,667
662,669
662,672
662,675
663,671
664,665
664,668
664,671
665,666
665,669
665,673
665,674
666,667
666,668
666,669
666,673
666,674
667,672
668,671
668,672
669,671
669,673
669,674
670,671
670,675
671,674
671,675
673,675
676,678
676,683
676,691
676,696
677,683
677,689
677,697
678,684
678,685
678,686
678,687
678,695
679,680
679,681
679,682
679,684
679,695
679,702
680,685
680,686
680,689
680,691
680,696
680,697
680,701
680,702
681,683
681,691
681,693
681,697
681,699
681,700
681,701
681,702
682,693
682,695
682,696
682,700
682,701
683,689
683,691
683,692
683,693
683,699
683,702
683,704
684,687
684,692
684,693
684,696
684,699
684,702
684,703
685,700
686,695
686,700
686,704
687,690
687,695
687,696
687,698
687,700
688,696
688,699
688,700
689,694
689,695
689,699
689,701
690,694
690,702
690,703
690,704
691,692
691,704
692,693
692,702
693,700
693,703
694,701
694,703
695,699
696,702
697,701
697,704
698,704
699,700
705,725
705,729
705,730
705,742
705,750
706,717
706,726
706,734
706,741
707,713
707,714
707,715
707,718
707,726
707,733
707,736
707,744
708,711
708,713
708,735
708,746
709,712
709,714
709,718
709,721
709,729
709,746
709,750
710,714
710,716
710,722
710,729
710,736
710,743
710,745
710,749
711,712
711,714
711,717
711,719
711,722
711,731
711,732
711,734
711,750
712,713
712,714
712,726
712,730
712,735
712,736
712,737
713,716
713,720
713,735
714,716
714,721
714,722
714,733
714,734
714,743
715,724
715,727
715,736
715,741
715,744
715,748
715,750
716,723
716,729
716,730
716,747
716,749
717,722
717,725
717,732
717,737
717,747
718,735
718,744
719,735
719,737
719,748
719,750
720,729
720,738
721,735
722,727
722,733
722,735
722,744
723,726
723,747
725,728
725,730
725,735
725,740
726,730
726,740
726,741
726,745
727,730
727,742
727,746
727,748
727,749
729,730
729,733
729,742
729,744
729,748
730,732
730,748
731,733
731,737
731,738
731,739
731,740
732,738
732,740
732,747
733,748
734,735
734,743
734,744
734,746
734,747
736,750
737,740
737,748
738,743
738,745
739,744
740,742
741,743
741,750
743,746
748,750
751,753
751,758
751,779
751,789
752,758
752,770
752,773
753,755
753,756
753,757
753,763
753,764
753,765
753,768
753,770
753,771
753,773
753,782
754,756
754,759
754,761
754,763
755,762
755,764
755,768
755,769
755,778
755,788
756,757
756,759
756,770
756,787
757,758
757,772
757,782
757,783
757,784
758,761
758,773
758,774
758,778
758,784
759,767
759,771
759,772
759,780
759,784
759,785
759,786
759,788
759,789
760,767
760,771
760,776
760,787
761,773
761,780
761,781
761,783
761,787
761,788
762,780
762,781
763,766
763,774
763,788
764,781
765,767
765,779
765,784
765,785
765,788
766,772
766,774
766,778
767,770
767,771
767,788
768,770
768,771
768,780
768,789
769,771
769,773
769,775
769,783
770,781
771,772
771,776
771,778
771,782
771,788
772,780
772,784
772,785
772,789
773,776
773,778
773,781
774,777
774,784
774,787
775,782
775,786
776,786
776,787
777,779
777,788
777,789
778,781
778,787
779,781
779,782
780,784
780,786
780,789
785,789
790,794
790,802
790,807
790,815
790,818
790,820
790,826
791,792
791,793
791,802
791,808
791,810
791,818
791,823
791,827
791,828
792,796
792,804
793,801
793,814
793,815
793,816
793,817
793,818
793,819
793,820
793,824
794,802
794,803
794,807
794,810
794,817
794,818
794,819
794,823
794,826
794,830
795,812
795,817
795,820
796,808
796,826
796,829
797,799
797,812
797,816
797,818
797,823
797,830
798,804
798,814
798,827
799,801
799,818
799,827
800,804
800,812
800,820
801,804
801,808
801,810
801,821
802,809
802,817
802,825
803,813
803,814
803,824
803,830
804,807
804,814
804,815
805,806
805,807
805,812
805,817
805,826
805,827
806,808
806,816
806,823
806,826
807,822
807,828
808,815
808,820
808,829
808,830
809,813
809,816
809,819
809,820
809,824
809,825
810,826
810,830
811,821
811,824
812,815
812,829
812,830
813,815
813,821
813,824
813,828
814,815
814,818
814,821
815,824
815,825
816,820
818,825
818,826
819,825
819,826
820,822
821,822
821,825
822,824
823,826
824,826
824,828
824,830
831,838
831,839
831,842
831,849
831,859
831,865
831,870
831,878
832,845
832,848
832,855
832,862
833,860
833,864
833,867
834,838
834,848
834,850
834,861
834,864
834,868
834,873
834,874
835,839
835,847
835,853
835,856
835,871
835,877
836,845
836,853
836,856
836,873
836,875
837,838
837,844
837,858
837,860
837,870
837,871
837,876
837,878
838,840
838,853
838,854
838,860
838,870
838,872
839,841
839,851
839,854
839,861
839,865
839,869
839,873
839,876
840,854
840,855
840,876
840,877
841,843
841,852
841,853
841,869
841,871
842,853
842,860
842,862
842,873
843,848
843,853
843,857
843,858
843,874
843,875
844,846
844,847
844,869
844,870
844,876
845,855
845,857
845,866
846,852
846,853
846,873
847,855
847,859
847,862
847,869
848,854
848,858
848,870
848,876
848,877
849,855
849,857
849,862
849,869
849,872
849,876
850,856
850,864
850,865
850,869
850,876
851,855
851,859
852,856
852,859
853,856
853,878
855,862
855,864
855,872
856,857
856,863
856,868
856,869
856,870
856,875
856,876
857,873
858,859
858,865
860,863
860,865
861,865
861,868
861,878
862,873
862,874
862,878
865,873
866,868
866,878
867,872
867,878
869,876
869,878
871,874
872,874
873,874
876,877
879,886
879,887
879,889
879,898
879,899
879,901
879,903
879,908
880,881
880,885
880,891
880,893
881,885
881,897
881,902
881,905
881,911
881,912
881,916
882,911
882,914
882,917
883,897
883,904
883,907
883,908
884,889
884,890
884,897
884,907
885,892
885,895
885,905
885,907
885,909
886,894
886,901
886,902
886,914
887,888
887,900
887,901
887,902
887,909
887,912
888,889
888,891
888,906
888,909
888,912
888,915
889,902
889,908
889,910
889,917
890,899
890,901
890,913
891,901
891,906
891,912
891,914
891,916
892,893
892,895
892,904
893,902
893,906
894,902
894,906
894,907
894,908
894,911
894,913
895,899
895,905
895,907
895,910
895,915
896,897
896,902
896,909
896,914
896,917
897,900
897,908
898,899
898,903
898,907
898,909
898,916
899,906
899,912
900,907
901,904
901,910
902,903
902,909
902,913
902,917
903,910
903,916
903,917
904,909
904,911
905,911
905,912
905,916
907,911
907,916
908,915
909,915
910,917
911,913
911,915
911,917
912,917
918,925
918,930
918,945
918,959
919,926
919,936
919,938
919,941
919,952
919,957
919,967
920,926
920,937
920,942
920,952
921,936
921,937
921,954
922,924
922,943
922,945
922,955
922,957
922,960
922,966
923,928
923,940
923,944
923,955
923,957
923,962
923,963
923,966
924,925
924,941
924,946
924,956
924,959
925,927
925,932
925,935
925,939
925,942
925,951
925,955
925,963
925,965
926,938
926,942
926,956
927,933
927,943
927,945
927,948
927,966
928,931
928,960
929,932
929,947
929,949
929,962
929,967
930,933
930,936
930,945
930,948
930,953
930,956
931,932
931,947
931,950
931,961
931,967
932,946
932,954
932,955
932,956
932,962
932,964
933,944
933,947
933,952
934,939
934,942
935,951
935,958
935,960
936,938
936,945
936,946
936,955
936,957
936,960
937,944
937,945
937,955
937,958
937,965
938,940
938,947
938,952
938,958
938,965
939,945
939,946
939,958
939,961
939,964
940,957
941,943
941,956
942,958
943,951
943,952
943,955
943,963
944,948
944,956
945,956
945,958
946,965
946,967
947,955
947,956
947,959
948,951
948,954
949,956
949,961
949,962
950,953
950,956
950,965
950,966
951,960
952,961
952,962
952,966
953,957
954,955
954,963
954,965
954,966
955,959
955,964
959,961
959,962
959,964
961,967
962,963
968,971
968,990
968,999
968,1009
968,1016
969,981
969,982
969,1007
969,1009
969,1012
970,977
970,980
970,989
970,992
970,994
970,1000
970,1002
971,979
971,986
971,989
971,991
971,993
971,996
971,1002
971,1008
972,990
972,1011
973,986
973,990
973,996
973,1007
974,976
974,982
974,1014
975,977
975,999
975,1007
975,1010
975,1011
975,1012
976,978
976,980
976,988
976,993
976,997
976,998
976,1003
976,1009
976,1011
976,1012
977,983
977,987
977,999
977,1010
977,1016
978,981
978,987
978,1011
978,1013
979,991
980,988
980,990
980,995
980,997
980,998
980,1003
981,991
981,997
981,1001
981,1008
981,1010
981,1012
982,983
982,1001
982,1003
982,1016
983,1008
983,1010
984,1004
984,1006
984,1014
985,989
985,990
985,992
985,1009
985,1011
986,996
986,1006
986,1007
987,989
987,991
987,1009
987,1011
988,990
988,993
988,1009
988,1010
988,1012
989,991
989,1004
989,1011
990,992
990,998
990,1013
991,1001
991,1008
991,1013
992,1007
992,1012
992,1013
993,1004
993,1015
994,996
994,1003
994,1005
994,1009
995,1003
995,1004
995,1006
995,1013
995,1016
996,997
996,1003
996,1009
997,1008
998,1007
998,1009
999,1006
999,1013
1000,1001
1001,1010
1001,1013
1002,1008
1003,1005
1003,1012
1004,1012
1004,1014
1005,1012
1006,1012
1006,1015
1008,1011
1008,1012
1009,1015
1010,1015
1011,1013
1011,1014
1011,1015
1017,1018
1017,1019
1017,1028
1017,1031
1017,1037
1017,1040
1018,1021
1018,1022
1018,1024
1018,1029
1018,1032
1018,1035
1018,1036
1019,1020
1019,1028
1019,1032
1019,1036
1019,1042
1020,1023
1020,1030
1020,1031
1020,1032
1020,1034
1020,1037
1021,1022
1021,1023
1021,1026
1021,1029
1021,1036
1021,1041
1022,1024
1022,1027
1022,1029
1022,1030
1022,1031
1022,1033
1022,1037
1023,1024
1023,1027
1023,1031
1023,1037
1024,1035
1024,1037
1024,1039
1025,1026
1025,1028
1025,1030
1025,1035
1026,1030
1026,1033
1026,1036
1026,1038
1026,1042
1027,1028
1027,1032
1027,1036
1027,1038
1027,1040
1028,1032
1028,1035
1028,1036
1028,1038
1029,1037
1030,1036
1030,1042
1031,1036
1031,1038
1032,1036
1032,1039
1033,1037
1034,1037
1035,1037
1036,1042
1037,1040
1038,1039
1038,1040
1038,1042
1039,1041
1043,1044
1043,1050
1043,1056
1043,1057
1043,1058
1043,1062
1044,1047
1044,1053
1044,1054
1044,1060
1044,1066
1044,1072
1045,1049
1045,1055
1045,1059
1046,1047
1046,1052
1046,1056
1046,1070
1047,1049
1047,1053
1047,1060
1047,1061
1047,1062
1047,1068
1047,1072
1047,1074
1048,1053
1048,1057
1048,1060
1048,1066
1049,1063
1049,1067
1050,1051
1050,1055
1050,1057
1050,1058
1050,1067
1050,1072
1051,1056
1051,1059
1051,1060
1051,1061
1051,1062
1051,1068
1051,1070
1051,1074
1052,1062
1052,1066
1052,1067
1053,1055
1053,1057
1053,1067
1053,1073
1053,1075
1054,1060
1054,1068
1054,1070
1055,1058
1055,1059
1055,1060
1055,1061
1055,1062
1055,1070
1055,1072
1056,1058
1056,1068
1057,1060
1057,1062
1057,1071
1057,1074
1058,1059
1058,1063
1058,1068
1058,1069
1058,1074
1059,1065
1059,1068
1059,1075
1060,1071
1061,1064
1061,1065
1061,1066
1061,1071
1062,1065
1063,1067
1063,1070
1064,1068
1064,1070
1064,1073
1064,1075
1065,1073
1067,1074
1068,1070
1068,1075
1070,1071
1070,1074
1071,1072
1072,1073
1076,1079
1076,1087
1076,1097
1076,1102
1076,1103
1076,1107
1076,1116
1076,1121
1077,1078
1077,1112
1077,1121
1078,1087
1078,1097
1078,1121
1079,1087
1079,1091
1080,1087
1080,1088
1080,1090
1080,1096
1080,1098
1080,1103
1080,1104
1080,1112
1080,1113
1081,1104
1081,1108
1081,1114
1081,1117
1081,1121
1082,1093
1082,1108
1082,1111
1082,1112
1082,1122
1083,1110
1083,1112
1084,1090
1084,1093
1084,1097
1084,1116
1084,1121
1085,1102
1085,1111
1085,1113
1085,1123
1086,1089
1086,1102
1086,1122
1087,1090
1087,1096
1087,1097
1087,1104
1087,1123
1088,1102
1088,1117
1089,1093
1089,1103
1089,1121
1089,1122
1090,1099
1090,1103
1090,1112
1090,1115
1091,1099
1091,1104
1092,1093
1092,1109
1092,1115
1092,1123
1093,1095
1093,1102
1093,1106
1093,1115
1093,1122
1094,1096
1094,1112
1094,1118
1094,1122
1094,1123
1095,1096
1095,1117
1096,1107
1096,1113
1096,1114
1096,1118
1096,1119
1097,1099
1097,1102
1097,1103
1097,1108
1097,1116
1097,1117
1097,1119
1098,1113
1098,1119
1098,1121
1099,1112
1099,1113
1099,1117
1099,1119
1099,1122
1100,1109
1100,1120
1101,1105
1101,1110
1101,1112
1101,1121
1102,1105
1102,1108
1102,1114
1102,1115
1102,1116
1103,1108
1104,1112
1105,1107
1105,1108
1105,1109
1106,1109
1106,1116
1106,1118
1106,1123
1107,1112
1108,1109
1108,1112
1108,1119
1108,1123
1109,1112
1109,1115
1109,1116
1110,1114
1110,1115
1110,1119
1110,1120
1110,1121
1111,1120
1112,1117
1114,1122
1114,1123
1115,1116
1115,1120
1117,1122
1119,1122
1121,1122
1124,1127
1124,1133
1124,1134
1124,1138
1124,1154
1125,1127
1125,1129
1125,1134
1125,1140
1125,1142
1125,1150
1125,1154
1126,1130
1126,1136
1126,1137
1126,1139
1126,1146
1126,1158
1127,1130
1127,1146
1127,1148
1127,1153
1128,1131
1128,1138
1128,1142
1129,1133
1129,1144
1129,1149
1129,1154
1129,1155
1130,1134
1130,1140
1130,1145
1130,1148
1131,1138
1131,1144
1132,1136
1132,1158
1132,1159
1133,1138
1133,1146
1133,1149
1133,1150
1133,1156
1133,1157
1134,1135
1134,1137
1134,1138
1134,1141
1134,1143
1134,1148
1134,1155
1134,1156
1135,1145
1135,1148
1135,1156
1135,1157
1136,1145
1136,1148
1137,1139
1137,1140
1137,1143
1137,1145
1137,1148
1137,1156
1138,1141
1138,1142
1138,1144
1138,1151
1138,1155
1138,1156
1139,1143
1140,1151
1141,1144
1141,1151
1142,1143
1142,1146
1143,1145
1143,1153
1143,1156
1144,1147
1144,1149
1144,1150
1144,1151
1144,1153
1144,1158
1145,1146
1145,1149
1145,1155
1146,1154
1147,1149
1147,1150
1148,1154
1148,1157
1148,1158
1149,1158
1150,1157
1151,1156
1152,1153
1152,1158
1153,1154
1154,1156
1154,1158
1155,1158
1155,1159
1156,1157
1157,1158
1157,1159
1160,1162
1160,1163
1160,1164
1160,1165
1160,1167
1160,1168
1160,1169
1160,1171
1160,1172
1161,1162
1161,1166
1161,1169
1161,1171
1161,1172
1162,1163
1162,1164
1162,1165
1162,1166
1163,1164
1163,1165
1163,1167
1163,1169
1163,1170
1163,1171
1163,1172
1164,1166
1164,1168
1164,1170
1165,1167
1165,1170
1165,1172
1166,1169
1167,1168
1167,1170
1168,1170
1168,1171
1169,1171
1170,1172
1171,1172
1173,1174
1173,1175
1173,1176
1173,1177
1173,1178
1173,1179
1173,1180
1173,1181
1173,1182
1174,1177
1174,1179
1174,1181
1174,1182
1175,1176
1175,1178
1175,1180
1175,1181
1176,1177
1176,1178
1176,1180
1176,1181
1177,1178
1177,1179
1177,1180
1178,1179
1179,1180
1179,1181
1179,1182
1180,1182
1181,1182
1183,1189
1183,1194
1183,1199
1183,1208
1183,1223
1183,1224
1183,1226
1184,1196
1184,1205
1185,1191
1185,1194
1185,1198
1185,1201
1185,1213
1185,1218
1186,1187
1186,1191
1186,1200
1186,1209
1186,1220
1186,1226
1187,1189
1187,1197
1187,1215
1188,1193
1188,1207
1188,1215
1188,1228
1189,1191
1189,1194
1189,1201
1189,1202
1189,1227
1190,1191
1190,1208
1190,1224
1190,1226
1191,1207
1191,1214
1191,1220
1191,1227
1192,1196
1192,1204
1192,1212
1192,1219
1192,1220
1192,1225
1192,1227
1193,1197
1193,1212
1193,1215
1193,1221
1193,1225
1194,1196
1194,1199
1194,1202
1194,1206
1194,1219
1194,1220
1194,1228
1195,1205
1195,1224
1196,1200
1196,1205
1196,1211
1196,1216
1197,1201
1197,1215
1197,1226
1197,1231
1198,1201
1198,1216
1198,1222
1198,1223
1199,1207
1199,1221
1199,1229
1200,1201
1200,1205
1200,1225
1201,1202
1201,1205
1201,1206
1201,1208
1201,1209
1201,1227
1201,1228
1202,1204
1202,1208
1202,1209
1202,1221
1203,1206
1203,1207
1203,1212
1203,1213
1203,1227
1203,1231
1204,1210
1204,1214
1204,1218
1204,1226
1204,1228
1205,1208
1205,1217
1205,1220
1205,1231
1206,1213
1206,1214
1207,1219
1207,1223
1207,1227
1209,1215
1209,1216
1209,1220
1209,1221
1210,1222
1211,1214
1211,1216
1211,1217
1211,1218
1211,1223
1212,1222
1212,1227
1213,1218
1215,1217
1215,1219
1215,1222
1215,1227
1215,1230
1216,1220
1216,1226
1216,1230
1217,1219
1217,1229
1218,1225
1219,1225
1219,1229
1220,1231
1221,1222
1222,1224
1223,1224
1223,1225
1224,1230
1226,1231
1227,1228
1227,1230
1227,1231
1232,1237
1232,1238
1232,1242
1232,1253
1232,1254
1232,1257
1232,1261
1233,1234
1233,1246
1233,1251
1233,1256
1233,1267
1233,1273
1233,1277
1234,1237
1234,1243
1234,1251
1234,1257
1234,1264
1234,1271
1234,1273
1235,1238
1235,1239
1235,1242
1235,1245
1235,1250
1235,1251
1235,1261
1235,1263
1235,1267
1235,1268
1235,1269
1235,1271
1235,1275
1236,1238
1236,1240
1236,1244
1237,1245
1237,1270
1237,1273
1238,1239
1238,1268
1238,1275
1238,1277
1239,1245
1239,1264
1239,1268
1239,1272
1240,1256
1240,1258
1240,1262
1240,1277
1241,1253
1241,1256
1241,1264
1241,1265
1241,1266
1241,1273
1241,1276
1241,1277
1242,1243
1242,1244
1242,1251
1242,1252
1242,1255
1242,1260
1242,1274
1242,1277
1243,1244
1243,1245
1243,1263
1243,1265
1243,1268
1244,1245
1244,1255
1244,1263
1245,1248
1245,1250
1245,1260
1245,1270
1245,1271
1245,1275
1246,1261
1246,1275
1247,1276
1248,1255
1248,1257
1248,1260
1248,1275
1249,1255
1249,1256
1249,1258
1249,1275
1250,1266
1250,1267
1250,1272
1250,1276
1251,1256
1252,1253
1253,1256
1253,1265
1253,1266
1254,1268
1254,1270
1255,1261
1255,1265
1256,1270
1257,1264
1257,1276
1258,1263
1258,1264
1258,1269
1258,1276
1259,1264
1259,1271
1260,1266
1260,1270
1260,1271
1260,1273
1261,1274
1261,1277
1262,1267
1263,1265
1263,1267
1263,1270
1263,1275
1264,1271
1265,1276
1266,1272
1266,1276
1267,1268
1268,1269
1268,1271
1268,1272
1268,1273
1268,1276
1273,1277
1274,1277
1278,1280
1278,1281
1278,1282
1278,1284
1278,1285
1278,1289
1278,1291
1278,1292
1279,1283
1279,1284
1279,1285
1279,1289
1279,1290
1280,1283
1280,1287
1280,1289
1280,1290
1280,1291
1280,1292
1281,1283
1281,1286
1282,1284
1282,1285
1282,1287
1282,1288
1282,1289
1282,1290
1282,1291
1282,1292
1283,1284
1283,1288
1283,1290
1284,1287
1284,1288
1284,1289
1284,1292
1285,1287
1285,1289
1286,1290
1287,1288
1288,1291
1288,1292
1289,1292
1290,1291
1291,1292
356,262
1172,559
925,842
580,899
1052,687
324,1022
935,908
508,798
1283,386
178,510
33,745
1208,934
860,341
569,68
118,604
574,835
212,661
226,1157
1262,217
216,709
702,191
754,1055
711,365
6,616
524,697
50,1063
432,847
998,258
791,401
1033,622
583,38
1273,708
614,290
225,548
347,368
447,1101
1168,1076
392,1114
684,46
94,1024
393,725
204,1030
1047,51
980,1016
400,105
169,604
237,518
683,1130
1117,370
876,1235
900,1091
1002,532
22,867
1035,1104
1026,844
134,38
1090,1210
649,900
477,1036
837,257
591,1209
900,310
1222,1242
766,696
133,1149
958,604
1107,216
1146,249
553,38
716,283
851,24
1170,328
1245,1084
657,885
1291,497
521,1238
598,106
227,186
165,542
129,234
1105,1262
172,312
238,601
1002,1138
688,409
199,899
766,1068
414,659
654,793
1185,411
80,607
1196,69
1138,219
651,1173
907,952
443,548
677,271
1148,992
706,283
312,1170
1181,968
139,591
351,1225
713,279
145,30
1176,942
478,879
544,315
597,329
837,319
1013,104
169,632
1227,814
1220,1244
779,744
706,1125
1113,774
804,1283
351,1215
138,435
351,1153
1095,526
405,480
1255,407
373,883
358,939
962,1149
1043,419
596,720
975,1120
467,727
58,1260
227,454
319,1093
67,359
248,530
1238,426
973,1230
50,1101
1291,139
1149,990
8,483
799,1083
939,276
16,1025
1136,585
188,482
293,1098
401,94
145,853
779,1132
1080,619
290,420
232,942
1066,989
1122,318
787,857
844,906
908,507
295,375
674,84
570,872
709,653
1179,1185
188,1122
1198,1012
600,0
459,162
523,422
369,919
972,83
940,1176
277,308
616,562
465,1078
582,455
853,405
193,609
367,25
1292,727
153,685
157,571
738,177
637,1141
454,1052
934,750
370,971
936,726
1247,268
445,1039
202,1174
585,1198
659,1215
1025,80
460,339
545,1245
545,532
151,308
181,1061
815,1136
1010,675
631,1082
1152,1285
2,219
1246,1170
593,943
201,503
405,172
931,100
200,1248
250,525
850,1266
895,1001
866,538
184,781
313,1020
887,168
736,899
772,742
251,302
354,654
445,783
709,1177
836,740
1226,868
572,692
1254,180
221,488
1090,1223
472,1249
696,648
1188,782
518,223
241,533
739,199
108,119
952,368
517,777
664,987
377,178
690,533
769,15
863,922
387,633
757,554
916,1252
26,373
1123,667
1276,1252
760,14
611,889
1089,540
1072,230
528,87
1240,837
627,380
63,266
355,15
581,626
1049,75
1220,799
290,1051
493,11
716,428
839,705