id,community
0,3
1,15
2,10
3,15
4,-1
5,16
6,15
7,15
8,-1
9,15
10,15
11,-1
12,21
13,11
14,10
15,15
16,15
17,6
18,-1
19,-1
20,6
21,15
22,15
23,5
24,16
25,15
26,15
27,-1
28,23
29,0
30,-1
31,15
32,6
33,19
34,4
35,6
36,15
37,16
38,15
39,15
40,15
41,6
42,10
43,-1
44,19
45,15
46,7
47,15
48,16
49,15
50,15
51,3
52,6
53,-1
54,0
55,4
56,15
57,16
58,1
59,4
60,15
61,0
62,15
63,15
64,15
65,15
66,11
67,15
68,13
69,4
70,11
71,0
72,15
73,9
74,9
75,-1
76,11
77,15
78,-1
79,15
80,16
81,0
82,15
83,3
84,4
85,16
86,13
87,15
88,-1
89,15
90,17
91,-1
92,16
93,6
94,16
95,15
96,15
97,0
98,15
99,2
100,-1
101,16
102,-1
103,15
104,15
105,15
106,-1
107,1
108,15
109,15
110,0
111,6
112,-1
113,11
114,15
115,6
116,2
117,15
118,11
119,15
120,-1
121,15
122,4
123,15
124,15
125,4
126,17
127,15
128,15
129,15
130,-1
131,13
132,0
133,15
134,11
135,15
136,1
137,6
138,13
139,15
140,2
141,15
142,15
143,13
144,2
145,17
146,9
147,2
148,15
149,23
150,2
151,11
152,15
153,-1
154,9
155,2
156,4
157,15
158,11
159,-1
160,-1
161,11
162,23
163,0
164,9
165,11
166,-1
167,-1
168,15
169,15
170,15
171,1
172,15
173,1
174,20
175,14
176,15
177,18
178,-1
179,17
180,16
181,-1
182,-1
183,0
184,-1
185,15
186,15
187,16
188,15
189,15
190,15
191,-1
192,6
193,0
194,16
195,-1
196,15
197,15
198,4
199,11
200,15
201,-1
202,16
203,11
204,9
205,-1
206,9
207,15
208,15
209,6
210,17
211,11
212,11
213,15
214,6
215,0
216,10
217,-1
218,11
219,15
220,20
221,-1
222,0
223,4
224,15
225,7
226,-1
227,14
228,-1
229,0
230,-1
231,-1
232,-1
233,15
234,-1
235,11
236,4
237,3
238,11
239,4
240,11
241,-1
242,15
243,-1
244,20
245,0
246,15
247,15
248,15
249,16
250,4
251,15
252,11
253,0
254,16
255,15
256,15
257,4
258,4
259,0
260,-1
261,15
262,20
263,-1
264,0
265,11
266,16
267,22
268,4
269,15
270,2
271,15
272,-1
273,-1
274,15
275,-1
276,15
277,15
278,12
279,9
280,4
281,15
282,8
283,-1
284,-1
285,15
286,15
287,-1
288,15
289,6
290,15
291,15
292,9
293,20
294,15
295,4
296,-1
297,15
298,0
299,16
300,-1
301,15
302,-1
303,15
304,15
305,-1
306,-1
307,-1
308,11
309,15
310,6
311,11
312,6
313,11
314,15
315,15
316,15
317,15
318,15
319,15
320,-1
321,6
322,15
323,15
324,11
325,15
326,6
327,2
328,15
329,-1
330,16
331,11
332,11
333,19
334,0
335,-1
336,9
337,6
338,15
339,15
340,15
341,15
342,15
343,6
344,4
345,15
346,-1
347,15
348,0
349,0
350,1
351,1
352,-1
353,1
354,1
355,1
356,1
357,10
358,1
359,1
360,1
361,0
362,0
363,1
364,1
365,0
366,1
367,1
368,0
369,1
370,1
371,1
372,1
373,1
374,6
375,1
376,1
377,6
378,1
379,1
380,2
381,1
382,-1
383,-1
384,-1
385,7
386,-1
387,8
388,-1
389,8
390,-1
391,-1
392,6
393,-1
394,6
395,-1
396,8
397,-1
398,7
399,2
400,3
401,3
402,6
403,-1
404,-1
405,-1
406,6
407,6
408,6
409,6
410,-1
411,6
412,6
413,6
414,-1
415,6
416,-1
417,-1
418,-1
419,-1
420,6
421,-1
422,-1
423,-1
424,8
425,-1
426,-1
427,-1
428,-1
429,-1
430,-1
431,-1
432,6
433,6
434,-1
435,-1
436,1
437,6
438,6
439,-1
440,-1
441,0
442,-1
443,-1
444,8
445,-1
446,-1
447,6
448,-1
449,8
450,-1
451,-1
452,6
453,6
454,7
455,-1
456,-1
457,5
458,-1
459,-1
460,-1
461,-1
462,3
463,-1
464,6
465,4
466,6
467,-1
468,6
469,6
470,-1
471,-1
472,-1
473,2
474,-1
475,-1
476,6
477,6
478,8
479,-1
480,-1
481,-1
482,6
483,-1
484,-1
485,-1
486,-1
487,7
488,-1
489,6
490,-1
491,-1
492,6
493,-1
494,6
495,-1
496,-1
497,-1
498,7
499,1
500,-1
501,5
502,4
503,6
504,5
505,-1
506,-1
507,-1
508,-1
509,-1
510,-1
511,3
512,6
513,-1
514,6
515,6
516,0
517,1
518,-1
519,-1
520,6
521,2
522,5
523,-1
524,7
525,6
526,-1
527,-1
528,-1
529,0
530,-1
531,0
532,-1
533,-1
534,6
535,6
536,6
537,-1
538,2
539,4
540,6
541,6
542,6
543,4
544,6
545,6
546,5
547,-1
548,7
549,-1
550,-1
551,-1
552,-1
553,-1
554,6
555,6
556,-1
557,-1
558,-1
559,6
560,6
561,6
562,6
563,6
564,-1
565,6
566,3
567,-1
568,-1
569,-1
570,6
571,3
572,6
573,1
574,6
575,6
576,-1
577,-1
578,6
579,-1
580,-1
581,-1
582,-1
583,8
584,6
585,5
586,-1
587,6
588,-1
589,-1
590,-1
591,-1
592,-1
593,6
594,-1
595,-1
596,6
597,0
598,6
599,3
600,3
601,5
602,6
603,-1
604,8
605,-1
606,5
607,-1
608,-1
609,6
610,6
611,-1
612,6
613,-1
614,6
615,-1
616,-1
617,-1
618,6
619,7
620,-1
621,6
622,-1
623,8
624,4
625,-1
626,6
627,-1
628,3
629,5
630,1
631,6
632,6
633,-1
634,-1
635,6
636,-1
637,6
638,-1
639,-1
640,-1
641,3
642,-1
643,-1
644,5
645,-1
646,-1
647,6
648,-1
649,-1
650,-1
651,6
652,-1
653,-1
654,-1
655,-1
656,-1
657,15
658,6
659,-1
660,1
661,-1
662,-1
663,4
664,6
665,3
666,-1
667,6
668,6
669,2
670,6
671,-1
672,8
673,-1
674,-1
675,-1
676,-1
677,6
678,-1
679,6
680,-1
681,6
682,-1
683,0
684,6
685,-1
686,-1
687,6
688,-1
689,-1
690,-1
691,-1
692,-1
693,-1
694,-1
695,6
696,-1
697,6
698,-1
699,-1
700,6
701,5
702,8
703,-1
704,-1
705,6
706,-1
707,-1
708,-1
709,3
710,-1
711,-1
712,-1
713,5
714,-1
715,-1
716,-1
717,5
718,8
719,-1
720,-1
721,-1
722,-1
723,3
724,6
725,-1
726,-1
727,-1
728,6
729,6
730,-1
731,-1
732,-1
733,-1
734,-1
735,-1
736,6
737,1
738,0
739,-1
740,0
741,-1
742,-1
743,5
744,-1
745,-1
746,-1
747,5
748,7
749,2
750,-1
751,6
752,-1
753,6
754,-1
755,6
756,-1
757,6
758,6
759,-1
760,-1
761,-1
762,-1
763,-1
764,6
765,-1
766,-1
767,-1
768,-1
769,6
770,-1
771,-1
772,-1
773,-1
774,6
775,-1
776,6
777,6
778,-1
779,6
780,-1
781,-1
782,-1
783,-1
784,-1
785,-1
786,-1
787,6
788,-1
789,-1
790,-1
791,6
792,-1
793,-1
794,-1
795,-1
796,-1
797,-1
798,6
799,-1
800,8
801,-1
802,-1
803,6
804,-1
805,8
806,3
807,6
808,-1
809,-1
810,-1
811,-1
812,-1
813,6
814,6
815,6
816,6
817,-1
818,3
819,8
820,6
821,-1
822,-1
823,7
824,-1
825,6
826,-1
827,-1
828,-1
829,-1
830,6
831,-1
832,-1
833,-1
834,-1
835,-1
836,-1
837,6
838,6
839,-1
840,-1
841,-1
842,-1
843,-1
844,-1
845,-1
846,6
847,6
848,-1
849,8
850,-1
851,6
852,-1
853,6
854,0
855,6
856,-1
857,8
858,-1
859,-1
860,-1
861,6
862,6
863,6
864,8
865,5
866,6
867,5
868,-1
869,-1
870,0
871,1
872,-1
873,3
874,-1
875,-1
876,6
877,6
878,-1
879,-1
880,-1
881,7
882,-1
883,-1
884,6
885,-1
886,-1
887,-1
888,6
889,4
890,-1
891,0
892,-1
893,-1
894,3
895,-1
896,1
897,6
898,-1
899,5
900,-1
901,-1
902,6
903,-1
904,5
905,8
906,6
907,1
908,6
909,5
910,8
911,-1
912,-1
913,-1
914,-1
915,2
916,-1
917,6
918,-1
919,-1
920,-1
921,6
922,5
923,-1
924,-1
925,7
926,-1
927,6
928,7
929,-1
930,2
931,6
932,-1
933,6
934,5
935,6
936,6
937,-1
938,8
939,-1
940,-1
941,-1
942,-1
943,-1
944,6
945,-1
946,6
947,-1
948,-1
949,-1
950,-1
951,10
952,-1
953,6
954,8
955,2
956,6
957,6
958,-1
959,-1
960,-1
961,-1
962,-1
963,6
964,-1
965,-1
966,6
967,-1
968,-1
969,-1
970,6
971,6
972,-1
973,3
974,-1
975,-1
976,-1
977,6
978,-1
979,-1
980,6
981,-1
982,-1
983,-1
984,-1
985,-1
986,-1
987,-1
988,-1
989,-1
990,2
991,6
992,-1
993,-1
994,-1
995,6
996,-1
997,-1
998,-1
999,6
1000,-1
1001,5
1002,6
1003,6
1004,-1
1005,6
1006,6
1007,6
1008,6
1009,6
1010,6
1011,-1
1012,-1
1013,-1
1014,6
1015,-1
1016,-1
1017,2
1018,6
1019,8
1020,6
1021,6
1022,-1
1023,6
1024,-1
1025,6
1026,6
1027,-1
1028,2
1029,-1
1030,6
1031,-1
1032,-1
1033,6
1034,8
1035,1
1036,-1
1037,6
1038,-1
1039,6
1040,6
1041,1
1042,-1
1043,6
1044,6
1045,6
1046,-1
1047,6
1048,7
1049,6
1050,6
1051,-1
1052,-1
1053,-1
1054,8
1055,-1
1056,-1
1057,-1
1058,6
1059,-1
1060,3
1061,-1
1062,-1
1063,35
1064,-1
1065,6
1066,6
1067,-1
1068,-1
1069,-1
1070,6
1071,6
1072,-1
1073,-1
1074,6
1075,6
1076,-1
1077,5
1078,-1
1079,6
1080,6
1081,-1
1082,-1
1083,6
1084,-1
1085,-1
1086,6
1087,8
1088,-1
1089,6
1090,-1
1091,-1
1092,-1
1093,4
1094,6
1095,-1
1096,6
1097,-1
1098,6
1099,6
1100,6
1101,-1
1102,3
1103,6
1104,7
1105,6
1106,6
1107,6
1108,6
1109,6
1110,-1
1111,-1
1112,6
1113,-1
1114,-1
1115,8
1116,-1
1117,-1
1118,-1
1119,-1
1120,-1
1121,5
1122,5
1123,6
1124,-1
1125,6
1126,-1
1127,6
1128,6
1129,6
1130,6
1131,-1
1132,-1
1133,-1
1134,-1
1135,-1
1136,-1
1137,-1
1138,6
1139,6
1140,-1
1141,-1
1142,8
1143,7
1144,7
1145,6
1146,-1
1147,-1
1148,-1
1149,6
1150,4
1151,-1
1152,6
1153,-1
1154,6
1155,6
1156,-1
1157,-1
1158,-1
1159,-1
1160,-1
1161,6
1162,1
1163,-1
1164,6
1165,3
1166,-1
1167,-1
1168,5
1169,6
1170,-1
1171,-1
1172,-1
1173,6
1174,6
1175,2
1176,5
1177,3
1178,-1
1179,-1
1180,-1
1181,-1
1182,6
1183,6
1184,2
1185,6
1186,6
1187,6
1188,-1
1189,-1
1190,-1
1191,-1
1192,-1
1193,6
1194,-1
1195,6
1196,-1
1197,-1
1198,-1
1199,6
1200,-1
1201,-1
1202,6
1203,38
1204,6
1205,-1
1206,6
1207,6
1208,6
1209,6
1210,-1
1211,6
1212,2
1213,-1
1214,-1
1215,6
1216,-1
1217,-1
1218,8
1219,-1
1220,6
1221,6
1222,6
1223,2
1224,-1
1225,-1
1226,-1
1227,-1
1228,-1
1229,-1
1230,2
1231,6
1232,8
1233,-1
1234,-1
1235,6
1236,-1
1237,6
1238,6
1239,-1
1240,-1
1241,-1
1242,6
1243,6
1244,-1
1245,2
1246,6
1247,-1
1248,-1
1249,-1
1250,6
1251,3
1252,3
1253,-1
1254,6
1255,-1
1256,-1
1257,-1
1258,-1
1259,6
1260,-1
1261,-1
1262,-1
1263,-1
1264,6
1265,7
1266,-1
1267,-1
1268,-1
1269,8
1270,-1
1271,-1
1272,8
1273,-1
1274,6
1275,-1
1276,6
1277,6
1278,6
1279,-1
1280,6
1281,6
1282,-1
1283,8
1284,6
1285,6
1286,-1
1287,-1
1288,6
1289,-1
1290,6
1291,-1
1292,2
1293,5
1294,6
1295,-1
1296,6
1297,-1
1298,6
1299,7
1300,-1
1301,6
1302,6
1303,7
1304,6
1305,-1
1306,7
1307,-1
1308,6
1309,-1
1310,-1
1311,-1
1312,6
1313,5
1314,-1
1315,-1
1316,-1
1317,-1
1318,6
1319,-1
1320,6
1321,6
1322,8
1323,6
1324,-1
1325,-1
1326,-1
1327,6
1328,6
1329,-1
1330,6
1331,6
1332,-1
1333,5
1334,-1
1335,-1
1336,6
1337,6
1338,-1
1339,-1
1340,-1
1341,-1
1342,-1
1343,-1
1344,5
1345,-1
1346,6
1347,-1
1348,6
1349,-1
1350,6
1351,-1
1352,6
1353,-1
1354,-1
1355,-1
1356,-1
1357,5
1358,-1
1359,-1
1360,5
1361,-1
1362,6
1363,-1
1364,-1
1365,8
1366,3
1367,3
1368,6
1369,-1
1370,7
1371,6
1372,-1
1373,6
1374,-1
1375,-1
1376,5
1377,-1
1378,-1
1379,-1
1380,8
1381,4
1382,7
1383,-1
1384,5
1385,6
1386,-1
1387,6
1388,-1
1389,-1
1390,-1
1391,-1
1392,-1
1393,-1
1394,-1
1395,-1
1396,-1
1397,41
1398,38
1399,21
1400,38
1401,1
1402,38
1403,31
1404,31
1405,1
1406,1
1407,1
1408,1
1409,1
1410,1
1411,20
1412,1
1413,1
1414,1
1415,1
1416,38
1417,11
1418,38
1419,10
1420,21
1421,38
1422,38
1423,21
1424,17
1425,38
1426,10
1427,1
1428,38
1429,38
1430,33
1431,11
1432,38
1433,38
1434,1
1435,5
1436,1
1437,1
1438,10
1439,-1
1440,0
1441,38
1442,20
1443,21
1444,38
1445,38
1446,7
1447,31
1448,8
1449,38
1450,4
1451,-1
1452,20
1453,1
1454,38
1455,8
1456,1
1457,38
1458,33
1459,33
1460,38
1461,21
1462,15
1463,1
1464,1
1465,1
1466,21
1467,27
1468,-1
1469,33
1470,36
1471,1
1472,21
1473,15
1474,1
1475,4
1476,33
1477,38
1478,1
1479,38
1480,35
1481,1
1482,5
1483,7
1484,-1
1485,-1
1486,21
1487,36
1488,38
1489,1
1490,0
1491,-1
1492,1
1493,1
1494,38
1495,15
1496,21
1497,33
1498,33
1499,1
1500,1
1501,7
1502,1
1503,7
1504,40
1505,1
1506,1
1507,1
1508,2
1509,-1
1510,4
1511,6
1512,6
1513,6
1514,6
1515,6
1516,1
1517,6
1518,6
1519,1
1520,1
1521,1
1522,1
1523,1
1524,1
1525,1
1526,6
1527,1
1528,1
1529,1
1530,1
1531,11
1532,1
1533,1
1534,1
1535,1
1536,1
1537,1
1538,0
1539,1
1540,1
1541,1
1542,1
1543,1
1544,1
1545,1
1546,1
1547,1
1548,-1
1549,1
1550,-1
1551,0
1552,0
1553,1
1554,0
1555,1
1556,1
1557,1
1558,1
1559,1
1560,1
1561,0
1562,-1
1563,1
1564,1
1565,1
1566,1
1567,1
1568,1
1569,0
1570,1
1571,1
1572,10
1573,1
1574,1
1575,1
1576,1
1577,1
1578,1
1579,1
1580,1
1581,1
1582,1
1583,1
1584,1
1585,1
1586,1
1587,1
1588,0
1589,1
1590,1
1591,1
1592,1
1593,0
1594,1
1595,1
1596,1
1597,1
1598,1
1599,-1
1600,1
1601,1
1602,1
1603,6
1604,1
1605,1
1606,0
1607,1
1608,0
1609,1
1610,6
1611,1
1612,1
1613,1
1614,1
1615,1
1616,1
1617,0
1618,1
1619,0
1620,1
1621,1
1622,1
1623,10
1624,1
1625,1
1626,1
1627,1
1628,1
1629,1
1630,1
1631,1
1632,1
1633,1
1634,1
1635,1
1636,1
1637,1
1638,1
1639,1
1640,1
1641,1
1642,1
1643,1
1644,1
1645,1
1646,1
1647,1
1648,1
1649,10
1650,1
1651,0
1652,1
1653,1
1654,1
1655,1
1656,1
1657,1
1658,1
1659,1
1660,1
1661,1
1662,1
1663,0
1664,1
1665,1
1666,1
1667,1
1668,1
1669,1
1670,1
1671,1
1672,1
1673,0
1674,0
1675,1
1676,1
1677,1
1678,1
1679,1
1680,1
1681,1
1682,1
1683,1
1684,1
1685,1
1686,1
1687,1
1688,1
1689,1
1690,1
1691,1
1692,1
1693,1
1694,1
1695,1
1696,-1
1697,1
1698,-1
1699,1
1700,1
1701,1
1702,1
1703,1
1704,1
1705,1
1706,1
1707,1
1708,1
1709,1
1710,1
1711,1
1712,1
1713,1
1714,1
1715,1
1716,1
1717,-1
1718,1
1719,1
1720,-1
1721,-1
1722,6
1723,1
1724,-1
1725,1
1726,1
1727,-1
1728,6
1729,-1
1730,-1
1731,-1
1732,-1
1733,1
1734,6
1735,6
1736,6
1737,5
1738,-1
1739,6
1740,6
1741,6
1742,4
1743,4
1744,4
1745,3
1746,-1
1747,4
1748,4
1749,5
1750,-1
1751,6
1752,6
1753,3
1754,2
1755,4
1756,3
1757,6
1758,4
1759,4
1760,5
1761,3
1762,6
1763,1
1764,-1
1765,3
1766,6
1767,-1
1768,4
1769,5
1770,6
1771,6
1772,6
1773,6
1774,6
1775,6
1776,-1
1777,6
1778,6
1779,4
1780,4
1781,5
1782,4
1783,6
1784,4
1785,6
1786,6
1787,5
1788,4
1789,-1
1790,4
1791,6
1792,4
1793,-1
1794,4
1795,6
1796,6
1797,6
1798,6
1799,4
1800,4
1801,5
1802,4
1803,4
1804,6
1805,6
1806,4
1807,2
1808,1
1809,4
1810,-1
1811,6
1812,1
1813,4
1814,3
1815,5
1816,4
1817,5
1818,3
1819,6
1820,21
1821,-1
1822,4
1823,-1
1824,-1
1825,14
1826,-1
1827,-1
1828,0
1829,6
1830,6
1831,-1
1832,0
1833,4
1834,2
1835,9
1836,1
1837,3
1838,4
1839,4
1840,4
1841,4
1842,0
1843,0
1844,2
1845,0
1846,4
1847,2
1848,0
1849,8
1850,0
1851,4
1852,2
1853,0
1854,0
1855,3
1856,9
1857,2
1858,0
1859,2
1860,3
1861,0
1862,0
1863,0
1864,0
1865,0
1866,6
1867,1
1868,9
1869,4
1870,2
1871,4
1872,9
1873,0
1874,1
1875,0
1876,4
1877,2
1878,1
1879,9
1880,3
1881,1
1882,0
1883,9
1884,0
1885,8
1886,0
1887,1
1888,1
1889,7
1890,0
1891,1
1892,0
1893,0
1894,7
1895,8
1896,9
1897,4
1898,1
1899,0
1900,0
1901,9
1902,1
1903,0
1904,0
1905,4
1906,3
1907,3
1908,0
1909,0
1910,0
1911,4
1912,2
1913,1
1914,0
1915,0
1916,1
1917,2
1918,4
1919,0
1920,0
1921,2
1922,4
1923,4
1924,0
1925,0
1926,0
1927,0
1928,0
1929,9
1930,7
1931,1
1932,0
1933,2
1934,1
1935,0
1936,2
1937,0
1938,0
1939,9
1940,9
1941,2
1942,0
1943,0
1944,9
1945,2
1946,7
1947,2
1948,0
1949,0
1950,0
1951,1
1952,0
1953,0
1954,0
1955,2
1956,3
1957,0
1958,1
1959,0
1960,0
1961,1
1962,0
1963,2
1964,0
1965,0
1966,4
1967,2
1968,0
1969,0
1970,1
1971,9
1972,0
1973,0
1974,9
1975,0
1976,0
1977,0
1978,1
1979,4
1980,0
1981,0
1982,0
1983,0
1984,2
1985,0
1986,0
1987,9
1988,0
1989,4
1990,4
1991,7
1992,4
1993,9
1994,0
1995,1
1996,5
1997,0
1998,4
1999,1
2000,10
2001,0
2002,-1
2003,6
2004,5
2005,-1
2006,1
2007,-1
2008,6
2009,1
2010,1
2011,10
2012,5
2013,8
2014,10
2015,-1
2016,5
2017,5
2018,8
2019,8
2020,8
2021,1
2022,1
2023,8
2024,1
2025,5
2026,2
2027,5
2028,1
2029,12
2030,1
2031,8
2032,1
2033,8
2034,1
2035,1
2036,-1
2037,-1
2038,1
2039,-1
2040,5
2041,3
2042,-1
2043,3
2044,-1
2045,-1
2046,-1
2047,-1
2048,-1
2049,-1
2050,-1
2051,4
2052,-1
2053,3
2054,3
2055,-1
2056,4
2057,31
2058,-1
2059,3
2060,8
2061,8
2062,8
2063,8
2064,8
2065,8
2066,2
2067,8
2068,7
2069,8
2070,8
2071,8
2072,5
2073,8
2074,8
2075,4
2076,8
2077,-1
2078,-1
2079,-1
2080,-1
2081,-1
2082,3
2083,3
2084,-1
2085,-1
2086,-1
2087,-1
2088,3
2089,-1
2090,-1
2091,-1
2092,-1
2093,3
2094,8
2095,8
2096,0
2097,8
2098,0
2099,2
2100,0
2101,0
2102,0
2103,0
2104,0
2105,0
2106,0
2107,0
2108,0
2109,14
2110,8
2111,0
2112,7
2113,2
2114,0
2115,8
2116,8
2117,-1
2118,8
2119,0
2120,0
2121,2
2122,2
2123,2
2124,-1
2125,38
2126,0
2127,38
2128,5
2129,38
2130,0
2131,21
2132,36
2133,38
2134,7
2135,21
2136,6
2137,38
2138,35
2139,36
2140,5
2141,38
2142,38
2143,-1
2144,-1
2145,10
2146,21
2147,-1
2148,20
2149,38
2150,15
2151,0
2152,21
2153,38
2154,20
2155,38
2156,-1
2157,38
2158,29
2159,21
2160,38
2161,38
2162,15
2163,21
2164,14
2165,7
2166,36
2167,15
2168,8
2169,5
2170,38
2171,38
2172,38
2173,15
2174,-1
2175,8
2176,8
2177,4
2178,8
2179,0
2180,2
2181,8
2182,8
2183,8
2184,2
2185,7
2186,8
2187,12
2188,2
2189,2
2190,7
2191,36
2192,-1
2193,-1
2194,6
2195,1
2196,38
2197,21
2198,36
2199,5
2200,8
2201,15
2202,21
2203,12
2204,40
2205,38
2206,7
2207,11
2208,29
2209,10
2210,8
2211,38
2212,21
2213,7
2214,7
2215,38
2216,10
2217,36
2218,21
2219,36
2220,21
2221,36
2222,11
2223,40
2224,10
2225,7
2226,33
2227,7
2228,32
2229,38
2230,15
2231,40
2232,38
2233,8
2234,-1
2235,8
2236,2
2237,8
2238,2
2239,8
2240,4
2241,2
2242,0
2243,2
2244,0
2245,14
2246,14
2247,7
2248,14
2249,8
2250,7
2251,14
2252,11
2253,0
2254,2
2255,14
2256,2
2257,7
2258,14
2259,14
2260,14
2261,14
2262,0
2263,14
2264,2
2265,13
2266,7
2267,2
2268,8
2269,14
2270,8
2271,16
2272,-1
2273,3
2274,14
2275,0
2276,0
2277,14
2278,11
2279,8
2280,2
2281,7
2282,11
2283,14
2284,14
2285,2
2286,-1
2287,14
2288,0
2289,-1
2290,0
2291,6
2292,7
2293,2
2294,1
2295,7
2296,2
2297,2
2298,-1
2299,4
2300,7
2301,14
2302,8
2303,0
2304,14
2305,7
2306,14
2307,9
2308,2
2309,8
2310,5
2311,0
2312,14
2313,0
2314,14
2315,2
2316,14
2317,7
2318,14
2319,14
2320,7
2321,2
2322,14
2323,14
2324,7
2325,2
2326,14
2327,14
2328,14
2329,14
2330,7
2331,14
2332,14
2333,5
2334,14
2335,2
2336,14
2337,4
2338,7
2339,14
2340,2
2341,5
2342,7
2343,14
2344,16
2345,9
2346,14
2347,2
2348,0
2349,2
2350,5
2351,14
2352,2
2353,8
2354,2
2355,14
2356,3
2357,9
2358,14
2359,8
2360,8
2361,16
2362,2
2363,14
2364,7
2365,2
2366,2
2367,14
2368,9
2369,14
2370,7
2371,8
2372,8
2373,5
2374,6
2375,14
2376,14
2377,4
2378,14
2379,14
2380,-1
2381,8
2382,14
2383,7
2384,16
2385,8
2386,8
2387,0
2388,14
2389,-1
2390,-1
2391,7
2392,14
2393,2
2394,0
2395,0
2396,7
2397,14
2398,2
2399,11
2400,14
2401,5
2402,14
2403,14
2404,2
2405,5
2406,4
2407,7
2408,7
2409,0
2410,2
2411,8
2412,8
2413,2
2414,14
2415,14
2416,14
2417,14
2418,14
2419,-1
2420,8
2421,4
2422,5
2423,8
2424,0
2425,9
2426,14
2427,2
2428,14
2429,7
2430,10
2431,14
2432,8
2433,0
2434,7
2435,14
2436,14
2437,14
2438,2
2439,8
2440,14
2441,7
2442,11
2443,14
2444,2
2445,8
2446,14
2447,15
2448,14
2449,14
2450,11
2451,14
2452,14
2453,5
2454,2
2455,8
2456,14
2457,14
2458,5
2459,14
2460,0
2461,2
2462,9
2463,2
2464,14
2465,14
2466,14
2467,14
2468,14
2469,14
2470,14
2471,14
2472,14
2473,7
2474,10
2475,14
2476,14
2477,7
2478,14
2479,14
2480,7
2481,6
2482,8
2483,14
2484,14
2485,4
2486,14
2487,14
2488,14
2489,9
2490,14
2491,7
2492,6
2493,0
2494,6
2495,2
2496,2
2497,2
2498,14
2499,-1
2500,14
2501,14
2502,14
2503,14
2504,0
2505,14
2506,15
2507,7
2508,0
2509,14
2510,14
2511,5
2512,7
2513,14
2514,13
2515,8
2516,11
2517,14
2518,14
2519,14
2520,2
2521,14
2522,14
2523,14
2524,2
2525,11
2526,2
2527,14
2528,4
2529,-1
2530,14
2531,4
2532,14
2533,11
2534,6
2535,7
2536,14
2537,14
2538,14
2539,14
2540,2
2541,0
2542,2
2543,2
2544,14
2545,14
2546,0
2547,7
2548,6
2549,8
2550,14
2551,0
2552,14
2553,4
2554,0
2555,11
2556,8
2557,14
2558,6
2559,2
2560,14
2561,8
2562,2
2563,2
2564,0
2565,2
2566,14
2567,14
2568,8
2569,14
2570,14
2571,7
2572,6
2573,14
2574,14
2575,4
2576,7
2577,14
2578,2
2579,14
2580,16
2581,2
2582,2
2583,14
2584,2
2585,14
2586,7
2587,14
2588,14
2589,2
2590,14
2591,7
2592,2
2593,7
2594,2
2595,14
2596,9
2597,14
2598,14
2599,14
2600,2
2601,14
2602,2
2603,13
2604,6
2605,14
2606,14
2607,15
2608,7
2609,0
2610,0
2611,2
2612,12
2613,8
2614,14
2615,16
2616,7
2617,2
2618,0
2619,14
2620,14
2621,13
2622,2
2623,15
2624,14
2625,14
2626,0
2627,7
2628,8
2629,2
2630,14
2631,-1
2632,14
2633,7
2634,4
2635,14
2636,14
2637,14
2638,8
2639,2
2640,0
2641,14
2642,9
2643,2
2644,7
2645,14
2646,2
2647,8
2648,2
2649,2
2650,14
2651,2
2652,2
2653,14
2654,0
2655,14
2656,2
2657,4
2658,9
2659,14
2660,7
2661,-1
2662,15
2663,16
2664,15
2665,14
2666,14
2667,9
2668,2
2669,4
2670,7
2671,14
2672,14
2673,8
2674,14
2675,7
2676,9
2677,14
2678,14
2679,7
2680,2
2681,2
2682,16
2683,2
2684,-1
2685,2
2686,7
2687,2
2688,14
2689,0
2690,6
2691,7
2692,4
2693,14
2694,4
2695,7
2696,8
2697,14
2698,14
2699,7
2700,2
2701,2
2702,7
2703,2
2704,14
2705,2
2706,0
2707,0
2708,9
2709,9
2710,2
2711,14
2712,14
2713,2
2714,7
2715,2
2716,7
2717,5
2718,0
2719,2
2720,14
2721,2
2722,14
2723,7
2724,2
2725,2
2726,7
2727,9
2728,14
2729,0
2730,2
2731,2
2732,0
2733,-1
2734,2
2735,0
2736,8
2737,2
2738,14
2739,5
2740,8
2741,9
2742,-1
2743,9
2744,7
2745,14
2746,5
2747,0
2748,2
2749,2
2750,14
2751,14
2752,14
2753,14
2754,8
2755,14
2756,14
2757,14
2758,-1
2759,7
2760,14
2761,14
2762,2
2763,2
2764,0
2765,8
2766,14
2767,0
2768,0
2769,2
2770,7
2771,14
2772,9
2773,2
2774,7
2775,2
2776,7
2777,7
2778,14
2779,-1
2780,2
2781,2
2782,2
2783,7
2784,13
2785,2
2786,-1
2787,14
2788,4
2789,9
2790,2
2791,0
2792,2
2793,5
2794,7
2795,2
2796,7
2797,2
2798,2
2799,16
2800,11
2801,14
2802,0
2803,14
2804,2
2805,2
2806,2
2807,8
2808,14
2809,14
2810,2
2811,2
2812,2
2813,2
2814,14
2815,14
2816,8
2817,14
2818,8
2819,2
2820,7
2821,13
2822,11
2823,15
2824,11
2825,7
2826,2
2827,11
2828,14
2829,2
2830,14
2831,11
2832,2
2833,2
2834,15
2835,7
2836,14
2837,11
2838,7
2839,5
2840,8
2841,8
2842,2
2843,14
2844,0
2845,8
2846,15
2847,7
2848,4
2849,14
2850,8
2851,-1
2852,8
2853,8
2854,2
2855,2
2856,0
2857,2
2858,14
2859,8
2860,2
2861,2
2862,2
2863,2
2864,9
2865,0
2866,2
2867,7
2868,0
2869,2
2870,14
2871,14
2872,14
2873,7
2874,2
2875,6
2876,7
2877,4
2878,0
2879,9
2880,8
2881,8
2882,8
2883,4
2884,2
2885,2
2886,0
2887,7
2888,2
2889,11
2890,5
2891,14
2892,14
2893,14
2894,5
2895,14
2896,2
2897,14
2898,7
2899,14
2900,7
2901,2
2902,2
2903,13
2904,14
2905,14
2906,4
2907,4
2908,2
2909,13
2910,8
2911,4
2912,2
2913,14
2914,14
2915,0
2916,2
2917,14
2918,7
2919,2
2920,4
2921,2
2922,11
2923,5
2924,4
2925,14
2926,4
2927,14
2928,4
2929,14
2930,8
2931,8
2932,14
2933,2
2934,14
2935,14
2936,21
2937,11
2938,41
2939,4
2940,11
2941,-1
2942,1
2943,15
2944,20
2945,20
2946,1
2947,1
2948,15
2949,6
2950,-1
2951,20
2952,1
2953,1
2954,20
2955,41
2956,1
2957,41
2958,41
2959,1
2960,41
2961,41
2962,20
2963,20
2964,20
2965,41
2966,20
2967,15
2968,1
2969,23
2970,20
2971,13
2972,31
2973,31
2974,41
2975,34
2976,20
2977,20
2978,11
2979,41
2980,20
2981,1
2982,20
2983,21
2984,20
2985,45
2986,41
2987,36
2988,41
2989,20
2990,31
2991,21
2992,-1
2993,20
2994,20
2995,10
2996,20
2997,29
2998,27
2999,20
3000,41
3001,27
3002,20
3003,15
3004,20
3005,1
3006,1
3007,20
3008,1
3009,41
3010,1
3011,1
3012,41
3013,1
3014,1
3015,1
3016,15
3017,20
3018,1
3019,20
3020,1
3021,15
3022,1
3023,41
3024,20
3025,20
3026,10
3027,41
3028,36
3029,20
3030,20
3031,15
3032,20
3033,-1
3034,20
3035,3
3036,20
3037,41
3038,-1
3039,36
3040,20
3041,20
3042,29
3043,-1
3044,3
3045,20
3046,31
3047,20
3048,20
3049,36
3050,20
3051,20
3052,41
3053,20
3054,20
3055,21
3056,27
3057,20
3058,20
3059,-1
3060,41
3061,36
3062,20
3063,20
3064,41
3065,20
3066,20
3067,41
3068,20
3069,41
3070,20
3071,20
3072,0
3073,20
3074,10
3075,1
3076,12
3077,8
3078,16
3079,20
3080,20
3081,41
3082,24
3083,-1
3084,3
3085,20
3086,21
3087,20
3088,16
3089,15
3090,20
3091,20
3092,41
3093,15
3094,20
3095,20
3096,20
3097,20
3098,34
3099,36
3100,36
3101,20
3102,20
3103,20
3104,20
3105,41
3106,10
3107,41
3108,41
3109,20
3110,20
3111,41
3112,20
3113,15
3114,41
3115,1
3116,41
3117,21
3118,41
3119,20
3120,20
3121,-1
3122,34
3123,15
3124,27
3125,20
3126,41
3127,41
3128,21
3129,41
3130,20
3131,41
3132,17
3133,20
3134,11
3135,20
3136,20
3137,1
3138,41
3139,-1
3140,41
3141,20
3142,20
3143,-1
3144,10
3145,-1
3146,20
3147,-1
3148,45
3149,11
3150,20
3151,11
3152,20
3153,-1
3154,36
3155,20
3156,4
3157,20
3158,4
3159,20
3160,15
3161,21
3162,-1
3163,36
3164,41
3165,20
3166,8
3167,15
3168,15
3169,20
3170,20
3171,21
3172,41
3173,20
3174,41
3175,20
3176,41
3177,15
3178,20
3179,34
3180,41
3181,36
3182,36
3183,21
3184,20
3185,27
3186,36
3187,20
3188,20
3189,27
3190,23
3191,20
3192,20
3193,36
3194,36
3195,-1
3196,36
3197,20
3198,41
3199,21
3200,20
3201,20
3202,41
3203,20
3204,21
3205,-1
3206,41
3207,20
3208,20
3209,20
3210,36
3211,11
3212,1
3213,20
3214,20
3215,21
3216,-1
3217,8
3218,-1
3219,20
3220,20
3221,20
3222,20
3223,11
3224,20
3225,36
3226,41
3227,41
3228,15
3229,41
3230,11
3231,27
3232,23
3233,41
3234,20
3235,20
3236,20
3237,20
3238,41
3239,20
3240,41
3241,20
3242,20
3243,1
3244,41
3245,36
3246,1
3247,12
3248,27
3249,20
3250,20
3251,20
3252,20
3253,20
3254,41
3255,8
3256,20
3257,41
3258,41
3259,41
3260,20
3261,31
3262,41
3263,38
3264,3
3265,20
3266,36
3267,41
3268,20
3269,4
3270,20
3271,41
3272,-1
3273,20
3274,10
3275,-1
3276,20
3277,20
3278,41
3279,21
3280,20
3281,20
3282,20
3283,20
3284,21
3285,41
3286,36
3287,27
3288,36
3289,41
3290,20
3291,41
3292,41
3293,20
3294,20
3295,20
3296,20
3297,41
3298,41
3299,20
3300,21
3301,11
3302,20
3303,10
3304,36
3305,20
3306,15
3307,13
3308,12
3309,-1
3310,20
3311,-1
3312,20
3313,23
3314,21
3315,20
3316,21
3317,-1
3318,10
3319,21
3320,4
3321,41
3322,36
3323,20
3324,20
3325,27
3326,20
3327,36
3328,20
3329,36
3330,41
3331,45
3332,36
3333,10
3334,2
3335,32
3336,20
3337,20
3338,20
3339,27
3340,-1
3341,20
3342,10
3343,38
3344,41
3345,20
3346,20
3347,20
3348,21
3349,41
3350,34
3351,20
3352,32
3353,20
3354,20
3355,27
3356,34
3357,36
3358,20
3359,-1
3360,20
3361,-1
3362,20
3363,36
3364,20
3365,20
3366,41
3367,20
3368,45
3369,12
3370,20
3371,27
3372,36
3373,27
3374,36
3375,31
3376,20
3377,17
3378,-1
3379,9
3380,36
3381,11
3382,20
3383,32
3384,13
3385,4
3386,20
3387,36
3388,34
3389,20
3390,21
3391,20
3392,0
3393,10
3394,-1
3395,20
3396,4
3397,20
3398,20
3399,20
3400,-1
3401,20
3402,-1
3403,20
3404,11
3405,4
3406,20
3407,14
3408,12
3409,41
3410,20
3411,20
3412,15
3413,41
3414,21
3415,41
3416,34
3417,20
3418,12
3419,20
3420,20
3421,20
3422,15
3423,20
3424,20
3425,41
3426,15
3427,20
3428,1
3429,20
3430,15
3431,20
3432,20
3433,20
3434,32
3435,-1
3436,40
3437,20
3438,20
3439,20
3440,21
3441,20
3442,20
3443,20
3444,11
3445,20
3446,41
3447,20
3448,36
3449,20
3450,41
3451,20
3452,1
3453,4
3454,27
3455,20
3456,20
3457,20
3458,1
3459,1
3460,36
3461,20
3462,20
3463,36
3464,1
3465,41
3466,41
3467,20
3468,1
3469,11
3470,-1
3471,1
3472,20
3473,1
3474,27
3475,45
3476,21
3477,20
3478,20
3479,41
3480,1
3481,1
3482,1
3483,-1
3484,-1
3485,-1
3486,-1
3487,-1
3488,-1
3489,-1
3490,-1
3491,-1
3492,-1
3493,-1
3494,-1
3495,-1
3496,-1
3497,-1
3498,-1
3499,-1
3500,-1
3501,-1
3502,-1
3503,-1
3504,-1
3505,-1
3506,-1
3507,-1
3508,-1
3509,-1
3510,-1
3511,-1
3512,15
3513,-1
3514,-1
3515,-1
3516,-1
3517,-1
3518,11
3519,17
3520,-1
3521,-1
3522,-1
3523,-1
3524,15
3525,-1
3526,-1
3527,-1
3528,-1
3529,0
3530,-1
3531,-1
3532,-1
3533,-1
3534,-1
3535,12
3536,-1
3537,-1
3538,-1
3539,-1
3540,-1
3541,-1
3542,-1
3543,-1
3544,-1
3545,13
3546,-1
3547,-1
3548,-1
3549,-1
3550,-1
3551,-1
3552,-1
3553,-1
3554,-1
3555,-1
3556,0
3557,-1
3558,-1
3559,3
3560,-1
3561,-1
3562,-1
3563,-1
3564,-1
3565,-1
3566,-1
3567,-1
3568,-1
3569,-1
3570,-1
3571,14
3572,-1
3573,-1
3574,-1
3575,-1
3576,14
3577,-1
3578,-1
3579,-1
3580,7
3581,-1
3582,-1
3583,-1
3584,25
3585,-1
3586,5
3587,-1
3588,15
3589,14
3590,14
3591,-1
3592,13
3593,-1
3594,-1
3595,-1
3596,-1
3597,14
3598,-1
3599,5
3600,16
3601,14
3602,-1
3603,-1
3604,-1
3605,-1
3606,-1
3607,0
3608,-1
3609,-1
3610,-1
3611,-1
3612,-1
3613,-1
3614,-1
3615,-1
3616,-1
3617,-1
3618,-1
3619,-1
3620,-1
3621,-1
3622,-1
3623,13
3624,-1
3625,-1
3626,-1
3627,-1
3628,-1
3629,-1
3630,-1
3631,-1
3632,-1
3633,-1
3634,0
3635,0
3636,-1
3637,-1
3638,-1
3639,-1
3640,-1
3641,11
3642,-1
3643,-1
3644,15
3645,-1
3646,8
3647,-1
3648,-1
3649,-1
3650,-1
3651,1
3652,2
3653,-1
3654,-1
3655,-1
3656,-1
3657,-1
3658,-1
3659,-1
3660,-1
3661,-1
3662,-1
3663,-1
3664,-1
3665,-1
3666,0
3667,-1
3668,-1
3669,-1
3670,-1
3671,14
3672,-1
3673,-1
3674,-1
3675,-1
3676,-1
3677,-1
3678,-1
3679,-1
3680,-1
3681,3
3682,-1
3683,-1
3684,-1
3685,25
3686,-1
3687,-1
3688,-1
3689,-1
3690,-1
3691,-1
3692,-1
3693,-1
3694,-1
3695,-1
3696,-1
3697,-1
3698,-1
3699,11
3700,-1
3701,-1
3702,-1
3703,14
3704,-1
3705,2
3706,-1
3707,-1
3708,-1
3709,-1
3710,-1
3711,4
3712,8
3713,-1
3714,-1
3715,-1
3716,-1
3717,-1
3718,-1
3719,-1
3720,-1
3721,-1
3722,-1
3723,-1
3724,-1
3725,-1
3726,14
3727,-1
3728,-1
3729,-1
3730,-1
3731,-1
3732,-1
3733,-1
3734,-1
3735,-1
3736,-1
3737,-1
3738,-1
3739,14
3740,14
3741,-1
3742,-1
3743,-1
3744,-1
3745,-1
3746,-1
3747,-1
3748,-1
3749,-1
3750,-1
3751,-1
3752,-1
3753,-1
3754,-1
3755,-1
3756,-1
3757,-1
3758,-1
3759,-1
3760,-1
3761,-1
3762,-1
3763,-1
3764,-1
3765,-1
3766,-1
3767,-1
3768,-1
3769,-1
3770,3
3771,-1
3772,-1
3773,-1
3774,13
3775,11
3776,-1
3777,-1
3778,-1
3779,10
3780,-1
3781,-1
3782,14
3783,-1
3784,-1
3785,-1
3786,14
3787,2
3788,31
3789,-1
3790,-1
3791,7
3792,-1
3793,14
3794,-1
3795,-1
3796,-1
3797,1
3798,-1
3799,-1
3800,-1
3801,1
3802,-1
3803,-1
3804,-1
3805,-1
3806,14
3807,-1
3808,-1
3809,-1
3810,-1
3811,-1
3812,-1
3813,11
3814,-1
3815,-1
3816,-1
3817,14
3818,-1
3819,-1
3820,-1
3821,-1
3822,-1
3823,-1
3824,13
3825,-1
3826,-1
3827,-1
3828,-1
3829,-1
3830,-1
3831,-1
3832,-1
3833,14
3834,-1
3835,-1
3836,-1
3837,14
3838,-1
3839,14
3840,-1
3841,-1
3842,-1
3843,-1
3844,-1
3845,0
3846,-1
3847,8
3848,-1
3849,11
3850,11
3851,-1
3852,-1
3853,-1
3854,-1
3855,-1
3856,14
3857,11
3858,-1
3859,-1
3860,-1
3861,-1
3862,-1
3863,-1
3864,-1
3865,-1
3866,-1
3867,-1
3868,-1
3869,-1
3870,-1
3871,-1
3872,0
3873,-1
3874,-1
3875,-1
3876,-1
3877,-1
3878,-1
3879,-1
3880,-1
3881,-1
3882,-1
3883,-1
3884,-1
3885,-1
3886,-1
3887,-1
3888,-1
3889,3
3890,-1
3891,-1
3892,-1
3893,-1
3894,-1
3895,-1
3896,-1
3897,-1
3898,-1
3899,-1
3900,-1
3901,11
3902,2
3903,6
3904,-1
3905,-1
3906,-1
3907,-1
3908,-1
3909,-1
3910,-1
3911,-1
3912,-1
3913,-1
3914,-1
3915,3
3916,-1
3917,-1
3918,-1
3919,-1
3920,16
3921,-1
3922,-1
3923,-1
3924,-1
3925,-1
3926,-1
3927,-1
3928,-1
3929,-1
3930,-1
3931,-1
3932,-1
3933,-1
3934,-1
3935,-1
3936,-1
3937,-1
3938,-1
3939,-1
3940,-1
3941,-1
3942,-1
3943,-1
3944,-1
3945,-1
3946,0
3947,2
3948,-1
3949,-1
3950,-1
3951,-1
3952,14
3953,-1
3954,1
3955,2
3956,-1
3957,-1
3958,-1
3959,-1
3960,-1
3961,-1
3962,-1
3963,-1
3964,-1
3965,-1
3966,-1
3967,2
3968,-1
3969,-1
3970,-1
3971,-1
3972,-1
3973,-1
3974,-1
3975,-1
3976,-1
3977,-1
3978,-1
3979,-1
3980,-1
3981,-1
3982,-1
3983,25
3984,6
3985,15
3986,9
3987,7
3988,16
3989,9
3990,3
3991,8
3992,10
3993,6
3994,9
3995,16
3996,6
3997,16
3998,6
3999,6
4000,6
4001,6
4002,9
4003,11
4004,6
4005,16
4006,16
4007,6
4008,4
4009,10
4010,6
4011,0
4012,1
4013,12
4014,2
4015,14
4016,3
4017,10
4018,9
4019,6
4020,6
4021,6
4022,8
4023,-1
4024,6
4025,3
4026,10
4027,8
4028,6
4029,6
4030,11
4031,8
4032,6
4033,9
4034,6
4035,5
4036,6
4037,1
4038,13